year,month,raw_records,adult_civilian,age_16plus,employed,employed_with_occ
2020,1,138697,95889,94400,56064,56064
2020,2,139248,96441,94939,56826,56826
2020,3,131578,85968,84661,49470,49470
2020,4,129382,83515,82262,41665,41665
2020,5,126557,80699,79490,41302,41302
2020,6,123364,77307,76135,40746,40746
2020,7,124102,78809,77637,42317,42317
2020,8,126448,82050,80834,44958,44958
2020,9,133448,91075,89683,50303,50303
2020,10,135242,93223,91778,52297,52297
2020,11,134122,91978,90496,51361,51361
2020,12,132036,88936,87530,49488,49488
2021,1,133553,90610,89172,50156,50156
2021,2,132681,89662,88320,49810,49810
2021,3,131357,87933,86657,48938,48938
2021,4,133449,90860,89493,50881,50881
2021,5,132077,90114,88754,50598,50598
2021,6,129272,87054,85746,48673,48673
2021,7,129092,87076,85729,49217,49217
2021,8,129408,87327,85941,49356,49356
2021,9,127872,85226,83862,48473,48473
2021,10,129103,86690,85306,49599,49599
2021,11,127375,84206,82874,48279,48279
2021,12,127489,83836,82540,47939,47939
2022,1,128000,84359,83021,47672,47672
2022,2,128234,84826,83472,48306,48306
2022,3,126704,82763,81411,47250,47250
2022,4,129029,85374,84009,48760,48760
2022,5,129966,86814,85428,50131,50131
2022,6,127999,84284,83007,48470,48470
2022,7,127084,83499,82212,48122,48122
2022,8,127932,84708,83389,48775,48775
2022,9,127192,83810,82471,48167,48167
2022,10,126649,83259,81954,47971,47971
2022,11,126097,82375,81098,47214,47214
2022,12,125489,81513,80287,46577,46577
2023,1,125982,82070,80790,46792,46792
2023,2,124754,80502,79232,45953,45953
2023,3,124477,79640,78396,45586,45586
2023,4,126798,82609,81322,47569,47569
2023,5,127559,83351,82022,48093,48093
2023,6,127491,82990,81638,47973,47973
2023,7,127424,83313,81946,48016,48016
2023,8,127930,84208,82862,48468,48468
2023,9,126665,82648,81334,47561,47561
2023,10,127941,84389,83071,48724,48724
2023,11,126917,82621,81407,47654,47654
2023,12,126832,82109,80880,47101,47101
2024,1,126802,82132,80923,46865,46865
2024,2,126784,82348,81159,47183,47183
2024,3,124581,79162,77992,45604,45604
2024,4,126850,82315,81074,47365,47365
2024,5,126945,82829,81519,47556,47556
2024,6,126112,81996,80730,47136,47136
2024,7,126158,82520,81234,47468,47468
2024,8,127031,83327,82017,47884,47884
2024,9,126590,82671,81435,47559,47559
2024,10,126387,82512,81249,47430,47430
2024,11,126686,82328,81086,47220,47220
2024,12,126743,82066,80787,47161,47161
2025,1,125700,81352,80078,46362,46362
2025,2,125028,80456,79232,45894,45894
2025,3,122943,77948,76745,44561,44561
2025,4,123702,79584,78404,45425,45425
2025,5,123461,79112,77942,44786,44786
2025,6,122908,78520,77386,44663,44663
2025,7,122252,78330,77190,44481,44481
2025,8,125138,81573,80377,46417,46417
2025,9,124727,80897,79737,46320,46320
2025,11,121723,75691,74615,42948,42948
2025,12,121371,75789,74732,42842,42842
2026,1,121168,75582,74510,42373,42373
2026,2,122327,77217,76132,43402,43402
2026,3,120491,74723,73712,41978,41978
2026,4,122216,77641,76571,43713,43713
2026,5,122338,78249,77171,44249,44249
2026,6,121618,77255,76176,43434,43434
2026,7,120930,76292,75196,43018,43018
2026,8,121791,77224,76063,43605,43605
