q,coef,lo,hi
2021Q1,-0.0375617074865876,-0.3769225714375927,0.3017991564644175
2021Q2,0.023182488285388936,-0.3430260414025209,0.3893910179732988
2021Q3,-0.03683198594164783,-0.33638758565563975,0.2627236137723441
2021Q4,-0.005342904474170074,-0.41641563843905,0.40572982949070985
2022Q1,0.14757326061517767,-0.16149158365068572,0.45663810488104106
2022Q2,-0.058334368679393456,-0.33611464349147957,0.21944590613269266
2022Q3,0.0,0.0,0.0
2022Q4,-0.047711391919754154,-0.4218546640968304,0.3264318802573221
2023Q1,-0.31606356832229077,-0.7211960322085997,0.08906889556401815
2023Q2,-0.35520371922234195,-0.7267532937503701,0.01634585530568622
2023Q3,-0.18835326329026147,-0.5370461166866192,0.16033959010609616
2023Q4,-0.5483989291815318,-0.9132913437756428,-0.18350651458742073
2024Q1,-0.34901313192804273,-0.7122294500965622,0.014203186240476728
2024Q2,-0.07822245063248146,-0.4260059194572188,0.26956101819225586
2024Q3,-0.008965271602261828,-0.3619566054998187,0.344026062295295
2024Q4,-0.18356572709038765,-0.5558006308023822,0.18866917662160687
2025Q1,-0.22913528949154427,-0.5302020530804346,0.07193147409734607
2025Q2,-0.09784570720583774,-0.4837448814838702,0.2880534670721947
2025Q3,-0.21836003809986648,-0.5750088853633102,0.13828880916357722
2025Q4,-0.3243938074365583,-0.7270980067791756,0.07831039190605893
2026Q1,-0.2972927720571339,-0.7154013135367612,0.12081576942249345
2026Q2,-0.6587569820777078,-1.044574276428306,-0.27293968772710964
2026Q3,-0.7297818834057724,-1.1284476216880857,-0.33111614512345916
